{"cameraMode":{"drawMode":0,"name":"Shaded","section":"Shading Mode"},"sceneLighting":true,"audioPlay":false,"sceneViewState":{"showFog":true,"showMaterialUpdate":false,"showSkybox":true,"showFlares":true,"showImageEffects":true,"showParticleSystems":true},"in2DMode":false,"pivot":{"x":-6.116830825805664,"y":-10.964460372924805,"z":-14.798605918884278},"rotation":{"x":-0.21510612964630128,"y":0.7139708995819092,"z":-0.2483963519334793,"w":-0.6182857751846314},"size":33.43447494506836,"orthographic":false}